MID;1;Adeline, Resplendent Cathar;[1][W][W]
MID;2;Ambitious Farmhand // Seasoned Cathar;[1][W]
MID;3;Beloved Beggar // Generous Soul;[1][W]
MID;4;Bereaved Survivor // Dauntless Avenger;[2][W]
MID;5;Blessed Defiance;[W]
MID;6;Borrowed Time;[2][W]
MID;7;Brutal Cathar // Moonrage Brute;[2][W]
MID;8;Candlegrove Witch;[1][W]
MID;9;Candletrap;[W]
MID;10;Cathar Commando;[1][W]
MID;11;Cathar's Call;[2][W]
MID;12;Celestus Sanctifier;[2][W]
MID;13;Chaplain of Alms // Chapel Shieldgeist;[W]
MID;14;Clarion Cathars;[3][W]
MID;15;Curse of Silence;[W]
MID;16;Duelcraft Trainer;[3][W]
MID;17;Enduring Angel // Angelic Enforcer;[2][W][W][W]
MID;18;Fateful Absence;[1][W]
MID;19;Flare of Faith;[1][W]
MID;20;Gavony Dawnguard;[1][W][W]
MID;21;Gavony Silversmith;[3][W]
MID;22;Gavony Trapper;[W]
MID;23;Hedgewitch's Mask;[W]
MID;24;Homestead Courage;[W]
MID;25;Intrepid Adversary;[1][W]
MID;26;Loyal Gryff;[2][W]
MID;27;Lunarch Veteran // Luminous Phantom;[W]
MID;28;Mourning Patrol // Morning Apparition;[2][W]
MID;29;Odric's Outrider;[3][W]
MID;30;Ritual Guardian;[2][W]
MID;31;Ritual of Hope;[1][W]
MID;32;Search Party Captain;[3][W]
MID;33;Sigarda's Splendor;[2][W][W]
MID;34;Sigardian Savior;[3][W][W]
MID;35;Soul-Guide Gryff;[4][W]
MID;36;Sungold Barrage;[2][W]
MID;37;Sungold Sentinel;[1][W]
MID;38;Sunset Revelry;[1][W]
MID;39;Thraben Exorcism;[1][W]
MID;40;Unruly Mob;[1][W]
MID;41;Vanquish the Horde;[6][W][W]
MID;42;Baithook Angler // Hook-Haunt Drifter;[1][U]
MID;43;Component Collector;[2][U]
MID;44;Consider;[U]
MID;45;Covetous Castaway // Ghostly Castigator;[1][U]
MID;46;Curse of Surveillance;[4][U]
MID;47;Delver of Secrets // Insectile Aberration;[U]
MID;48;Devious Cover-Up;[2][U][U]
MID;49;Dissipate;[1][U][U]
MID;50;Drownyard Amalgam;[4][U]
MID;51;Fading Hope;[U]
MID;52;Falcon Abomination;[2][U]
MID;A-52;A-Falcon Abomination;[2][U]
MID;53;Firmament Sage;[3][U]
MID;54;Flip the Switch;[2][U]
MID;55;Galedrifter // Waildrifter;[3][U]
MID;56;Geistwave;[1][U]
MID;57;Grafted Identity;[2][U][U]
MID;57â€ ;Grafted Identity;[2][U][U]
MID;58;Larder Zombie;[U]
MID;59;Lier, Disciple of the Drowned;[3][U][U]
MID;A-59;A-Lier, Disciple of the Drowned;[3][U][U]
MID;60;Locked in the Cemetery;[1][U]
MID;61;Malevolent Hermit // Benevolent Geist;[1][U]
MID;62;Memory Deluge;[2][U][U]
MID;63;Mysterious Tome // Chilling Chronicle;[2][U]
MID;64;Nebelgast Intruder;[2][U]
MID;65;Ominous Roost;[2][U]
MID;66;Organ Hoarder;[3][U]
MID;67;Otherworldly Gaze;[U]
MID;68;Overwhelmed Archivist // Archive Haunt;[2][U]
MID;69;Patrician Geist;[2][U]
MID;70;Phantom Carriage;[4][U][U]
MID;71;Poppet Stitcher // Poppet Factory;[2][U]
MID;72;Revenge of the Drowned;[3][U]
MID;73;Secrets of the Key;[U]
MID;74;Shipwreck Sifters;[1][U]
MID;75;Skaab Wrangler;[1][U]
MID;76;Sludge Monster;[3][U][U]
MID;77;Spectral Adversary;[1][U]
MID;78;Startle;[1][U]
MID;79;Stormrider Spirit;[4][U]
MID;80;Suspicious Stowaway // Seafaring Werewolf;[1][U]
MID;81;Triskaidekaphile;[1][U]
MID;82;Unblinking Observer;[1][U]
MID;83;Vivisection;[3][U]
MID;84;Arrogant Outlaw;[2][B]
MID;85;Baneblade Scoundrel // Baneclaw Marauder;[3][B]
MID;86;Bat Whisperer;[3][B]
MID;87;Bladebrand;[1][B]
MID;88;Blood Pact;[2][B]
MID;89;Bloodline Culling;[1][B][B]
MID;90;Bloodtithe Collector;[4][B]
MID;91;Champion of the Perished;[B]
MID;92;Covert Cutpurse // Covetous Geist;[2][B]
MID;93;Crawl from the Cellar;[B]
MID;94;Curse of Leeches // Leeching Lurker;[2][B]
MID;95;Defenestrate;[2][B]
MID;96;Diregraf Horde;[4][B]
MID;97;Dreadhound;[4][B][B]
MID;98;Duress;[B]
MID;99;Eaten Alive;[B]
MID;100;Ecstatic Awakener // Awoken Demon;[B]
MID;101;Foul Play;[1][B]
MID;102;Ghoulish Procession;[1][B]
MID;103;Gisa, Glorious Resurrector;[2][B][B]
MID;104;Graveyard Trespasser // Graveyard Glutton;[2][B]
MID;105;Heirloom Mirror // Inherited Fiend;[1][B]
MID;106;Hobbling Zombie;[2][B]
MID;A-106;A-Hobbling Zombie;[1][B]
MID;107;Infernal Grasp;[1][B]
MID;108;Jadar, Ghoulcaller of Nephalia;[1][B]
MID;109;Jerren, Corrupted Bishop // Ormendahl, the Corrupter;[2][B]
MID;110;Lord of the Forsaken;[4][B][B]
MID;111;Mask of Griselbrand;[1][B][B]
MID;112;The Meathook Massacre;[X][B][B]
MID;113;Morbid Opportunist;[2][B]
MID;114;Morkrut Behemoth;[4][B]
MID;115;Necrosynthesis;[1][B]
MID;116;No Way Out;[2][B]
MID;117;Novice Occultist;[1][B]
MID;118;Olivia's Midnight Ambush;[1][B]
MID;119;Rotten Reunion;[B]
MID;120;Shady Traveler // Stalking Predator;[2][B]
MID;121;Siege Zombie;[1][B]
MID;122;Slaughter Specialist;[1][B]
MID;123;Stromkirk Bloodthief;[2][B]
MID;124;Tainted Adversary;[1][B]
MID;125;Vampire Interloper;[1][B]
MID;126;Vengeful Strangler // Strangling Grasp;[1][B]
MID;127;Abandon the Post;[1][R]
MID;128;Ardent Elementalist;[3][R]
MID;129;Bloodthirsty Adversary;[1][R]
MID;130;Brimstone Vandal;[2][R]
MID;131;Burn Down the House;[3][R][R]
MID;132;Burn the Accursed;[4][R]
MID;133;Cathartic Pyre;[1][R]
MID;134;Curse of Shaken Faith;[1][R]
MID;135;Electric Revelation;[2][R]
MID;136;Falkenrath Perforator;[1][R]
MID;137;Falkenrath Pit Fighter;[R]
MID;138;Famished Foragers;[3][R]
MID;139;Fangblade Brigand // Fangblade Eviscerator;[3][R]
MID;140;Festival Crasher;[1][R]
MID;141;Flame Channeler // Embodiment of Flame;[1][R]
MID;142;Geistflame Reservoir;[2][R]
MID;143;Harvesttide Infiltrator // Harvesttide Assailant;[2][R]
MID;144;Immolation;[R]
MID;145;Lambholt Harrier;[1][R]
MID;146;Light Up the Night;[X][R]
MID;147;Lunar Frenzy;[X][R]
MID;148;Moonrager's Slash;[2][R]
MID;149;Moonveil Regent;[3][R]
MID;150;Mounted Dreadknight;[4][R]
MID;151;Neonate's Rush;[2][R]
MID;152;Obsessive Astronomer;[1][R]
MID;153;Pack's Betrayal;[2][R]
MID;154;Play with Fire;[R]
MID;155;Purifying Dragon;[3][R][R]
MID;156;Raze the Effigy;[R]
MID;157;Reckless Stormseeker // Storm-Charged Slasher;[2][R]
MID;158;Seize the Storm;[4][R]
MID;159;Smoldering Egg // Ashmouth Dragon;[1][R]
MID;160;Spellrune Painter // Spellrune Howler;[2][R]
MID;161;Stolen Vitality;[1][R]
MID;162;Sunstreak Phoenix;[2][R][R]
MID;163;Tavern Ruffian // Tavern Smasher;[3][R]
MID;164;Thermo-Alchemist;[1][R]
MID;165;Village Watch // Village Reavers;[4][R]
MID;166;Voldaren Ambusher;[2][R]
MID;167;Voldaren Stinger;[R]
MID;168;Augur of Autumn;[1][G][G]
MID;169;Bird Admirer // Wing Shredder;[2][G]
MID;170;Bounding Wolf;[2][G]
MID;171;Bramble Armor;[1][G]
MID;172;Briarbridge Tracker;[2][G]
MID;173;Brood Weaver;[3][G]
MID;174;Burly Breaker // Dire-Strain Demolisher;[3][G][G]
MID;175;Candlelit Cavalry;[4][G]
MID;176;Clear Shot;[2][G]
MID;177;Consuming Blob;[3][G][G]
MID;178;Contortionist Troupe;[X][G]
MID;179;Dawnhart Mentor;[2][G]
MID;180;Dawnhart Rejuvenator;[3][G]
MID;181;Deathbonnet Sprout // Deathbonnet Hulk;[G]
MID;182;Defend the Celestus;[2][G][G]
MID;183;Dryad's Revival;[2][G]
MID;184;Duel for Dominance;[1][G]
MID;185;Eccentric Farmer;[2][G]
MID;186;Harvesttide Sentry;[1][G]
MID;187;Hound Tamer // Untamed Pup;[2][G]
MID;188;Howl of the Hunt;[2][G]
MID;189;Might of the Old Ways;[1][G]
MID;190;Outland Liberator // Frenzied Trapbreaker;[1][G]
MID;191;Path to the Festival;[2][G]
MID;192;Pestilent Wolf;[1][G]
MID;193;Plummet;[1][G]
MID;194;Primal Adversary;[2][G]
MID;195;Return to Nature;[1][G]
MID;196;Rise of the Ants;[4][G][G]
MID;197;Saryth, the Viper's Fang;[2][G][G]
MID;198;Shadowbeast Sighting;[3][G]
MID;199;Snarling Wolf;[G]
MID;200;Storm the Festival;[3][G][G][G]
MID;201;Tapping at the Window;[1][G]
MID;202;Timberland Guide;[1][G]
MID;203;Tireless Hauler // Dire-Strain Brawler;[4][G]
MID;204;Tovolar's Huntmaster // Tovolar's Packleader;[4][G][G]
MID;205;Turn the Earth;[G]
MID;206;Unnatural Growth;[1][G][G][G][G]
MID;207;Willow Geist;[G]
MID;208;Wrenn and Seven;[3][G][G]
MID;209;Angelfire Ignition;[1][R][W]
MID;210;Arcane Infusion;[U][R]
MID;211;Arlinn, the Pack's Hope // Arlinn, the Moon's Fury;[2][R][G]
MID;212;Bladestitched Skaab;[U][B]
MID;213;Can't Stay Away;[W][B]
MID;214;Corpse Cobble;[U][B]
MID;215;Croaking Counterpart;[1][G][U]
MID;216;Dawnhart Wardens;[1][G][W]
MID;217;Dennick, Pious Apprentice // Dennick, Pious Apparition;[W][U]
MID;218;Devoted Grafkeeper // Departed Soulkeeper;[W][U]
MID;219;Dire-Strain Rampage;[1][R][G]
MID;220;Diregraf Rebirth;[3][B][G]
MID;221;Faithful Mending;[W][U]
MID;222;Fleshtaker;[W][B]
MID;223;Florian, Voldaren Scion;[1][B][R]
MID;224;Galvanic Iteration;[U][R]
MID;225;Ghoulcaller's Harvest;[B][G]
MID;226;Grizzly Ghoul;[2][B][G]
MID;227;Hallowed Respite;[W][U]
MID;228;Hungry for More;[B][R]
MID;229;Join the Dance;[G][W]
MID;230;Katilda, Dawnhart Prime;[G][W]
MID;231;Kessig Naturalist // Lord of the Ulvenwald;[R][G]
MID;232;Liesa, Forgotten Archangel;[2][W][W][B]
MID;233;Ludevic, Necrogenius // Olag, Ludevic's Hubris;[U][B]
MID;234;Old Stickfingers;[X][B][G]
MID;235;Rem Karolus, Stalwart Slayer;[1][R][W]
MID;236;Rite of Harmony;[G][W]
MID;237;Rite of Oblivion;[W][B]
MID;238;Rootcoil Creeper;[G][U]
MID;239;Sacred Fire;[R][W]
MID;240;Sigarda, Champion of Light;[1][G][W][W]
MID;241;Siphon Insight;[U][B]
MID;242;Slogurk, the Overslime;[1][G][U]
MID;243;Storm Skreelix;[3][U][R]
MID;244;Sunrise Cavalier;[1][R][W]
MID;245;Teferi, Who Slows the Sunset;[2][W][U]
MID;246;Tovolar, Dire Overlord // Tovolar, the Midnight Scourge;[1][R][G]
MID;247;Unnatural Moonrise;[R][G]
MID;248;Vadrik, Astral Archmage;[1][U][R]
MID;249;Vampire Socialite;[B][R]
MID;250;Wake to Slaughter;[3][B][R]
MID;251;Winterthorn Blessing;[G][U]
MID;252;The Celestus;[3]
MID;253;Crossroads Candleguide;[4]
MID;254;Jack-o'-Lantern;[1]
MID;255;Moonsilver Key;[2]
MID;256;Mystic Skull // Mystic Monstrosity;[2]
MID;257;Pithing Needle;[1]
MID;258;Silver Bolt;[1]
MID;259;Stuffed Bear;[2]
MID;260;Deserted Beach;
MID;261;Evolving Wilds;
MID;262;Field of Ruin;
MID;263;Haunted Ridge;
MID;264;Hostile Hostel // Creeping Inn;
MID;265;Overgrown Farmland;
MID;266;Rockfall Vale;
MID;267;Shipwreck Marsh;
MID;268;Plains;
MID;269;Plains;
MID;270;Island;
MID;271;Island;
MID;272;Swamp;
MID;273;Swamp;
MID;274;Mountain;
MID;275;Mountain;
MID;276;Forest;
MID;277;Forest;
MID;278;Wrenn and Seven;[3][G][G]
MID;279;Arlinn, the Pack's Hope // Arlinn, the Moon's Fury;[2][R][G]
MID;280;Teferi, Who Slows the Sunset;[2][W][U]
MID;281;Deserted Beach;
MID;282;Haunted Ridge;
MID;283;Overgrown Farmland;
MID;284;Rockfall Vale;
MID;285;Shipwreck Marsh;
MID;286;Brutal Cathar // Moonrage Brute;[2][W]
MID;287;Candlegrove Witch;[1][W]
MID;288;Suspicious Stowaway // Seafaring Werewolf;[1][U]
MID;289;Baneblade Scoundrel // Baneclaw Marauder;[3][B]
MID;290;Graveyard Trespasser // Graveyard Glutton;[2][B]
MID;291;Shady Traveler // Stalking Predator;[2][B]
MID;292;Fangblade Brigand // Fangblade Eviscerator;[3][R]
MID;293;Harvesttide Infiltrator // Harvesttide Assailant;[2][R]
MID;294;Reckless Stormseeker // Storm-Charged Slasher;[2][R]
MID;295;Spellrune Painter // Spellrune Howler;[2][R]
MID;296;Tavern Ruffian // Tavern Smasher;[3][R]
MID;297;Village Watch // Village Reavers;[4][R]
MID;298;Bird Admirer // Wing Shredder;[2][G]
MID;299;Burly Breaker // Dire-Strain Demolisher;[3][G][G]
MID;300;Dawnhart Mentor;[2][G]
MID;301;Dawnhart Rejuvenator;[3][G]
MID;302;Hound Tamer // Untamed Pup;[2][G]
MID;303;Outland Liberator // Frenzied Trapbreaker;[1][G]
MID;304;Saryth, the Viper's Fang;[2][G][G]
MID;305;Tireless Hauler // Dire-Strain Brawler;[4][G]
MID;306;Tovolar's Huntmaster // Tovolar's Packleader;[4][G][G]
MID;307;Arlinn, the Pack's Hope // Arlinn, the Moon's Fury;[2][R][G]
MID;308;Dawnhart Wardens;[1][G][W]
MID;309;Katilda, Dawnhart Prime;[G][W]
MID;310;Kessig Naturalist // Lord of the Ulvenwald;[R][G]
MID;311;Tovolar, Dire Overlord // Tovolar, the Midnight Scourge;[1][R][G]
MID;312;Adeline, Resplendent Cathar;[1][W][W]
MID;313;Lier, Disciple of the Drowned;[3][U][U]
MID;314;Gisa, Glorious Resurrector;[2][B][B]
MID;315;Jadar, Ghoulcaller of Nephalia;[1][B]
MID;316;Jerren, Corrupted Bishop // Ormendahl, the Corrupter;[2][B]
MID;317;Dennick, Pious Apprentice // Dennick, Pious Apparition;[W][U]
MID;318;Florian, Voldaren Scion;[1][B][R]
MID;319;Liesa, Forgotten Archangel;[2][W][W][B]
MID;320;Ludevic, Necrogenius // Olag, Ludevic's Hubris;[U][B]
MID;321;Old Stickfingers;[X][B][G]
MID;322;Rem Karolus, Stalwart Slayer;[1][R][W]
MID;323;Sigarda, Champion of Light;[1][G][W][W]
MID;324;Slogurk, the Overslime;[1][G][U]
MID;325;Vadrik, Astral Archmage;[1][U][R]
MID;326;Curse of Silence;[W]
MID;327;Enduring Angel // Angelic Enforcer;[2][W][W][W]
MID;328;Fateful Absence;[1][W]
MID;329;Intrepid Adversary;[1][W]
MID;330;Sigarda's Splendor;[2][W][W]
MID;331;Sigardian Savior;[3][W][W]
MID;332;Sungold Sentinel;[1][W]
MID;333;Vanquish the Horde;[6][W][W]
MID;334;Curse of Surveillance;[4][U]
MID;335;Grafted Identity;[2][U][U]
MID;336;Malevolent Hermit // Benevolent Geist;[1][U]
MID;337;Memory Deluge;[2][U][U]
MID;338;Patrician Geist;[2][U]
MID;339;Poppet Stitcher // Poppet Factory;[2][U]
MID;340;Sludge Monster;[3][U][U]
MID;341;Spectral Adversary;[1][U]
MID;342;Triskaidekaphile;[1][U]
MID;343;Bloodline Culling;[1][B][B]
MID;344;Champion of the Perished;[B]
MID;345;Curse of Leeches // Leeching Lurker;[2][B]
MID;346;Lord of the Forsaken;[4][B][B]
MID;347;Mask of Griselbrand;[1][B][B]
MID;348;The Meathook Massacre;[X][B][B]
MID;349;Slaughter Specialist;[1][B]
MID;350;Tainted Adversary;[1][B]
MID;351;Bloodthirsty Adversary;[1][R]
MID;352;Burn Down the House;[3][R][R]
MID;353;Curse of Shaken Faith;[1][R]
MID;354;Falkenrath Pit Fighter;[R]
MID;355;Geistflame Reservoir;[2][R]
MID;356;Light Up the Night;[X][R]
MID;357;Moonveil Regent;[3][R]
MID;358;Smoldering Egg // Ashmouth Dragon;[1][R]
MID;359;Sunstreak Phoenix;[2][R][R]
MID;360;Augur of Autumn;[1][G][G]
MID;361;Briarbridge Tracker;[2][G]
MID;362;Consuming Blob;[3][G][G]
MID;363;Primal Adversary;[2][G]
MID;364;Storm the Festival;[3][G][G][G]
MID;365;Unnatural Growth;[1][G][G][G][G]
MID;366;Willow Geist;[G]
MID;367;Angelfire Ignition;[1][R][W]
MID;368;Can't Stay Away;[W][B]
MID;369;Croaking Counterpart;[1][G][U]
MID;370;Dire-Strain Rampage;[1][R][G]
MID;371;Galvanic Iteration;[U][R]
MID;372;Ghoulcaller's Harvest;[B][G]
MID;373;Hallowed Respite;[W][U]
MID;374;Rite of Harmony;[G][W]
MID;375;Siphon Insight;[U][B]
MID;376;Wake to Slaughter;[3][B][R]
MID;377;The Celestus;[3]
MID;378;Pithing Needle;[1]
MID;379;Hostile Hostel // Creeping Inn;
MID;380;Plains;
MID;381;Island;
MID;382;Swamp;
MID;383;Mountain;
MID;384;Forest;
MID;385;Champion of the Perished;[B]
MID;386;Triskaidekaphile;[1][U]
MID;387;Gavony Dawnguard;[1][W][W]
MID;388;Consider;[U]
MID;389;Infernal Grasp;[1][B]
MID;390;Play with Fire;[R]
MID;391;Join the Dance;[G][W]
